acc,auc,f1,fold_accs,fold_thr,best_params,best_val_auc,config,groups,model,n_features,runtime_min
0.5038461538461538,0.5168101652383571,0.550731367541212,"[0.491025641025641, 0.55, 0.5064102564102564, 0.5115384615384615, 0.46025641025641023]","[0.49999999999999994, 0.5299999999999999, 0.49999999999999994, 0.47, 0.45999999999999996]",{'C': 0.01},0.5195137688405822,baseline,[],ARX,33,1.7302697499593098
0.49256410256410255,0.5100564515852747,0.5655323819978046,"[0.514102564102564, 0.4756410256410256, 0.4705128205128205, 0.4858974358974359, 0.5166666666666667]","[0.44999999999999996, 0.48, 0.49, 0.51, 0.48]","{'hidden': 24, 'layers': 2, 'dropout': 0.4738445964974808, 'lr': 0.0025547161374311496, 'weight_decay': 0.00012127636738734584, 'batch_size': 32, 'pool': 'mean'}",0.5440928337109099,baseline,[],BiGRU,33,10.836013261477152
0.5087179487179487,0.5240681509068595,0.5595402298850575,"[0.5269230769230769, 0.5243589743589744, 0.517948717948718, 0.5076923076923077, 0.4666666666666667]","[0.5299999999999999, 0.48, 0.47, 0.49, 0.49999999999999994]","{'hidden': 16, 'layers': 2, 'dropout': 0.47274088540256054, 'lr': 0.0015066106237006218, 'weight_decay': 0.0008267235991373622, 'batch_size': 32}",0.5350813048790446,baseline,[],BiRNN+Attn,33,13.779578046003978
0.5010256410256411,0.5288406171013965,0.6075030254134732,"[0.49230769230769234, 0.49615384615384617, 0.5102564102564102, 0.5346153846153846, 0.4717948717948718]","[0.45999999999999996, 0.43999999999999995, 0.5299999999999999, 0.49, 0.52]","{'hidden': 48, 'layers': 2, 'dropout': 0.3745300691605417, 'lr': 0.0029793082320973044, 'weight_decay': 0.00021337419821293075, 'batch_size': 32, 'pool': 'last'}",0.5374546764761432,baseline,[],BiRNN+Skip,33,14.36908761660258
0.5064102564102564,0.5185979788535171,0.5542949756888168,"[0.49615384615384617, 0.5269230769230769, 0.4935897435897436, 0.5205128205128206, 0.4948717948717949]","[0.47, 0.49, 0.47, 0.49, 0.49]",{'C': 0.01},0.5215499277514449,+A,['A'],ARX,46,2.764707616964976
0.5182051282051282,0.5280219492070135,0.5679466544033112,"[0.5, 0.5089743589743589, 0.5333333333333333, 0.532051282051282, 0.5166666666666667]","[0.48, 0.45999999999999996, 0.49, 0.51, 0.51]","{'hidden': 48, 'layers': 1, 'dropout': 0.5692878805362387, 'lr': 0.0012011284596707712, 'weight_decay': 2.4917520915259674e-05, 'batch_size': 32, 'pool': 'mean'}",0.54506275368844,+A,['A'],BiGRU,46,12.843395411968231
0.5194871794871795,0.5288445701090951,0.5265285497726124,"[0.49743589743589745, 0.5089743589743589, 0.5243589743589744, 0.514102564102564, 0.5525641025641026]","[0.51, 0.51, 0.48, 0.49999999999999994, 0.49999999999999994]","{'hidden': 48, 'layers': 2, 'dropout': 0.5170568439631311, 'lr': 0.0029596284206078833, 'weight_decay': 4.528212375043773e-05, 'batch_size': 32}",0.5522132574730095,+A,['A'],BiRNN+Attn,46,14.355174676577251
0.498974358974359,0.5272106602603345,0.5742919389978214,"[0.5076923076923077, 0.4987179487179487, 0.5076923076923077, 0.5089743589743589, 0.4717948717948718]","[0.49999999999999994, 0.45999999999999996, 0.47, 0.49999999999999994, 0.49]","{'hidden': 32, 'layers': 2, 'dropout': 0.25636968998990506, 'lr': 0.0015308837415731389, 'weight_decay': 1.6736010167825783e-05, 'batch_size': 32, 'pool': 'mean'}",0.5471700512465368,+A,['A'],BiRNN+Skip,46,12.12684010664622
0.5038461538461538,0.5168096381706639,0.550731367541212,"[0.491025641025641, 0.55, 0.5064102564102564, 0.5115384615384615, 0.46025641025641023]","[0.49999999999999994, 0.5299999999999999, 0.49999999999999994, 0.47, 0.45999999999999996]",{'C': 0.01},0.5195137688405822,+B,['B'],ARX,38,1.7220212896664937
0.4905128205128205,0.5108760418481206,0.6009238802972484,"[0.5051282051282051, 0.48205128205128206, 0.5038461538461538, 0.4794871794871795, 0.48205128205128206]","[0.51, 0.49999999999999994, 0.49999999999999994, 0.48, 0.51]","{'hidden': 24, 'layers': 2, 'dropout': 0.5272059063689972, 'lr': 0.0018681142751959697, 'weight_decay': 1.0491954332267901e-05, 'batch_size': 32, 'pool': 'max'}",0.5371370942749667,+B,['B'],BiGRU,38,9.824369796117146
0.5074358974358975,0.5233465952349391,0.5489551537919699,"[0.4948717948717949, 0.5064102564102564, 0.5089743589743589, 0.5076923076923077, 0.5192307692307693]","[0.49, 0.48, 0.48, 0.49, 0.48]","{'hidden': 32, 'layers': 2, 'dropout': 0.36038953380342853, 'lr': 0.0015145270343269069, 'weight_decay': 1.0514326987167745e-05, 'batch_size': 32}",0.5450658284725101,+B,['B'],BiRNN+Attn,38,13.366119794050853
0.5148717948717949,0.5194841114126231,0.49546666666666667,"[0.5089743589743589, 0.541025641025641, 0.532051282051282, 0.48717948717948717, 0.5051282051282051]","[0.52, 0.48, 0.49999999999999994, 0.51, 0.49999999999999994]","{'hidden': 32, 'layers': 2, 'dropout': 0.28767120734269314, 'lr': 0.0022818440344001246, 'weight_decay': 0.0025712270232524765, 'batch_size': 64, 'pool': 'mean'}",0.5439495939658662,+B,['B'],BiRNN+Skip,38,10.397196702162425
0.5132561132561133,0.5200033677581248,0.5336621454993835,"[0.525096525096525, 0.5392535392535392, 0.5057915057915058, 0.5212355212355212, 0.4749034749034749]","[0.49999999999999994, 0.51, 0.47, 0.47, 0.45999999999999996]",{'C': 0.1},0.5227714733875045,+C,['C'],ARX,41,2.4345683733622234
0.5003861003861004,0.5211024042818335,0.5721842627286753,"[0.5057915057915058, 0.49935649935649934, 0.51994851994852, 0.5032175032175032, 0.47361647361647363]","[0.49999999999999994, 0.45999999999999996, 0.51, 0.51, 0.51]","{'hidden': 32, 'layers': 2, 'dropout': 0.20279903622647819, 'lr': 0.0013631418961655099, 'weight_decay': 0.0051338399051783215, 'batch_size': 64, 'pool': 'mean'}",0.5454602542452793,+C,['C'],BiGRU,41,8.975870450337728
0.5003861003861004,0.522637018354813,0.5924837287423893,"[0.5045045045045045, 0.4967824967824968, 0.5302445302445302, 0.49935649935649934, 0.47104247104247104]","[0.45999999999999996, 0.48, 0.49, 0.47, 0.49]","{'hidden': 32, 'layers': 2, 'dropout': 0.21277485531632942, 'lr': 0.0011264157172133705, 'weight_decay': 5.579814299086883e-05, 'batch_size': 32}",0.5410024154424483,+C,['C'],BiRNN+Attn,41,13.478230138619741
0.5055341055341055,0.52871093480254,0.5867928586792859,"[0.5019305019305019, 0.5032175032175032, 0.5186615186615187, 0.5096525096525096, 0.4942084942084942]","[0.49999999999999994, 0.47, 0.47, 0.49999999999999994, 0.51]","{'hidden': 32, 'layers': 2, 'dropout': 0.20283357522291956, 'lr': 0.0010320793743973972, 'weight_decay': 6.650808473663016e-05, 'batch_size': 32, 'pool': 'mean'}",0.542708140480296,+C,['C'],BiRNN+Skip,41,14.379934767882029
0.5064102564102564,0.5185979788535171,0.5542949756888168,"[0.49615384615384617, 0.5269230769230769, 0.4935897435897436, 0.5205128205128206, 0.4948717948717949]","[0.47, 0.49, 0.47, 0.49, 0.49]",{'C': 0.01},0.5215512521582761,+AB,"['A', 'B']",ARX,51,2.9605228900909424
0.5056410256410256,0.5304425075877983,0.5586080586080586,"[0.5115384615384615, 0.5089743589743589, 0.5307692307692308, 0.5089743589743589, 0.46794871794871795]","[0.51, 0.52, 0.5599999999999999, 0.47, 0.43999999999999995]","{'hidden': 48, 'layers': 2, 'dropout': 0.47147773758828215, 'lr': 0.0020188944710511515, 'weight_decay': 0.003378615556378216, 'batch_size': 64, 'pool': 'mean'}",0.5476339674789288,+AB,"['A', 'B']",BiGRU,51,9.361976043383281
0.5146153846153846,0.5273436130859313,0.5779264214046823,"[0.5115384615384615, 0.5089743589743589, 0.5256410256410257, 0.5115384615384615, 0.5153846153846153]","[0.51, 0.47, 0.49, 0.5299999999999999, 0.5299999999999999]","{'hidden': 32, 'layers': 2, 'dropout': 0.3711188720930705, 'lr': 0.0015145270343269069, 'weight_decay': 0.0009589539171042836, 'batch_size': 32}",0.5535145043351263,+AB,"['A', 'B']",BiRNN+Attn,51,13.071194720268249
0.5053846153846154,0.5284890629500664,0.5500349895031491,"[0.5089743589743589, 0.4987179487179487, 0.5115384615384615, 0.48333333333333334, 0.5243589743589744]","[0.51, 0.47, 0.49999999999999994, 0.48, 0.48]","{'hidden': 16, 'layers': 2, 'dropout': 0.37124118898729647, 'lr': 0.0010856808379147646, 'weight_decay': 0.0002647573637067346, 'batch_size': 32, 'pool': 'mean'}",0.5508768165499449,+AB,"['A', 'B']",BiRNN+Skip,51,13.185236541430156
0.5132561132561133,0.5259338623298724,0.5677714285714286,"[0.49163449163449163, 0.5341055341055341, 0.5045045045045045, 0.5238095238095238, 0.5122265122265123]","[0.48, 0.45999999999999996, 0.47, 0.48, 0.51]",{'C': 0.01},0.5279149994700958,+AC,"['A', 'C']",ARX,54,3.910287352403005
0.5184041184041184,0.5328859721719066,0.5537801097066539,"[0.5444015444015444, 0.5135135135135135, 0.51994851994852, 0.5057915057915058, 0.5083655083655083]","[0.48, 0.47, 0.5299999999999999, 0.52, 0.49999999999999994]","{'hidden': 48, 'layers': 1, 'dropout': 0.3665827879213267, 'lr': 0.0016417043683755036, 'weight_decay': 0.00013315964930418498, 'batch_size': 32, 'pool': 'max'}",0.551844939362765,+AC,"['A', 'C']",BiGRU,54,12.591559930642445
0.512998712998713,0.5318824174341508,0.544973544973545,"[0.5019305019305019, 0.5405405405405406, 0.5276705276705277, 0.5276705276705277, 0.4671814671814672]","[0.45999999999999996, 0.45999999999999996, 0.49999999999999994, 0.51, 0.47]","{'hidden': 32, 'layers': 2, 'dropout': 0.41223876094107686, 'lr': 0.0015839503203003973, 'weight_decay': 0.0003254971661768274, 'batch_size': 32}",0.5549453630410782,+AC,"['A', 'C']",BiRNN+Attn,54,15.196776135762532
0.5099099099099099,0.544704864338841,0.6133225020308692,"[0.5160875160875161, 0.5057915057915058, 0.5444015444015444, 0.4954954954954955, 0.4877734877734878]","[0.45999999999999996, 0.44999999999999996, 0.44999999999999996, 0.47, 0.47]","{'hidden': 48, 'layers': 2, 'dropout': 0.2916622345023855, 'lr': 0.002772731039007491, 'weight_decay': 0.0006289394772237445, 'batch_size': 32, 'pool': 'mean'}",0.5558912799777275,+AC,"['A', 'C']",BiRNN+Skip,54,13.140448347727459
0.5132561132561133,0.5200007117974585,0.5336621454993835,"[0.525096525096525, 0.5392535392535392, 0.5057915057915058, 0.5212355212355212, 0.4749034749034749]","[0.49999999999999994, 0.51, 0.47, 0.47, 0.45999999999999996]",{'C': 0.1},0.5227714660796902,+BC,"['B', 'C']",ARX,46,2.4139069000879925
0.5196911196911197,0.535902612296673,0.5588652482269504,"[0.5032175032175032, 0.49935649935649934, 0.5276705276705277, 0.528957528957529, 0.5392535392535392]","[0.49999999999999994, 0.48, 0.51, 0.45999999999999996, 0.52]","{'hidden': 48, 'layers': 2, 'dropout': 0.3518416973680894, 'lr': 0.0010609115786206938, 'weight_decay': 0.00802610670187857, 'batch_size': 64, 'pool': 'mean'}",0.5451258974313674,+BC,"['B', 'C']",BiGRU,46,9.048683941364288
0.5073359073359074,0.5211079817992328,0.5828247602441151,"[0.5006435006435006, 0.5032175032175032, 0.5096525096525096, 0.51994851994852, 0.5032175032175032]","[0.51, 0.49, 0.45999999999999996, 0.49999999999999994, 0.48]","{'hidden': 32, 'layers': 1, 'dropout': 0.45336150260416935, 'lr': 0.0019375501864120402, 'weight_decay': 0.0025764174425233167, 'batch_size': 64}",0.5400539486182817,+BC,"['B', 'C']",BiRNN+Attn,46,9.552597920099894
0.5091377091377092,0.5197019162225015,0.5285537700865266,"[0.5019305019305019, 0.528957528957529, 0.5135135135135135, 0.5225225225225225, 0.47876447876447875]","[0.49, 0.43999999999999995, 0.49999999999999994, 0.51, 0.49]","{'hidden': 48, 'layers': 2, 'dropout': 0.26759088412209775, 'lr': 0.0006823851348157014, 'weight_decay': 0.0012147752888298764, 'batch_size': 32, 'pool': 'mean'}",0.5434439956572489,+BC,"['B', 'C']",BiRNN+Skip,46,12.826239176591237
0.5132561132561133,0.5259333311377392,0.5677714285714286,"[0.49163449163449163, 0.5341055341055341, 0.5045045045045045, 0.5238095238095238, 0.5122265122265123]","[0.48, 0.45999999999999996, 0.47, 0.48, 0.51]",{'C': 0.01},0.527912351294938,+ABC,"['A', 'B', 'C']",ARX,59,3.288035575548808
0.5142857142857142,0.5344865868674431,0.5418790968681719,"[0.5006435006435006, 0.510939510939511, 0.5148005148005148, 0.5057915057915058, 0.5392535392535392]","[0.49, 0.52, 0.48, 0.52, 0.52]","{'hidden': 24, 'layers': 2, 'dropout': 0.5861351784261821, 'lr': 0.0029203861274317323, 'weight_decay': 0.0001770493761224845, 'batch_size': 32, 'pool': 'mean'}",0.5472751058892056,+ABC,"['A', 'B', 'C']",BiGRU,59,12.313047075271607
0.520978120978121,0.5352845702496285,0.5658968975973875,"[0.5006435006435006, 0.525096525096525, 0.5276705276705277, 0.5302445302445302, 0.5212355212355212]","[0.51, 0.47, 0.48, 0.47, 0.49999999999999994]","{'hidden': 48, 'layers': 2, 'dropout': 0.2868777726945719, 'lr': 0.0008287670130296048, 'weight_decay': 8.444842120144281e-05, 'batch_size': 32}",0.5537895612250507,+ABC,"['A', 'B', 'C']",BiRNN+Attn,59,13.222304622332254
0.5127413127413127,0.535125478205718,0.5829477858559154,"[0.5045045045045045, 0.5135135135135135, 0.4942084942084942, 0.510939510939511, 0.5405405405405406]","[0.48, 0.48, 0.49999999999999994, 0.52, 0.51]","{'hidden': 48, 'layers': 2, 'dropout': 0.3518416973680894, 'lr': 0.0010609115786206938, 'weight_decay': 0.00802610670187857, 'batch_size': 64, 'pool': 'mean'}",0.5515877203206137,+ABC,"['A', 'B', 'C']",BiRNN+Skip,59,11.326568392912547
